Branch,Mean omega,omega1,p1,omega2,p2,omega3,p3,LRT,p-value,Corrected p-value
WAG0463703,0.625737,5.0e-09,0.564241,1.0,0.326928,1465.95,0.10883,95.7978,0.0,0.0
U0015717,0.695321,0.412557,0.827072,1.0,0.0287013,236.779,0.144226,157.333,0.0,0.0
XM_004249387,0.522602,0.482464,0.974706,0.948255,0.0231926,10000.0,0.00210151,17.3608,1.54565e-05,4.63695e-05
ITAG2_3,1.0,2.0e-07,0.998982,0.931981,2.1203e-07,13.822,0.00101782,0.0,1.0,1.0
Node4,10.0,0.0,0.0,0.0,0.0,0.0,1.0,0.0,1.0,1.0
