Branch,Mean omega,omega1,p1,omega2,p2,omega3,p3,LRT,p-value,Corrected p-value
WAG0463703,0.518303,0.565835,0.973511,0.565173,0.00016842,10000.0,0.0263209,44.0418,1.60718e-11,1.12502e-10
U0015717,0.569284,0.663574,0.960001,0.808188,0.0261158,10000.0,0.0138834,42.0475,4.45412e-11,2.67247e-10
ITAG2_3,10.0,0.00101803,0.997457,0.896746,6.24064e-07,11.8311,0.00254284,2.7167e-05,0.497921,1.0
XM_004243333_1,8.23657e-07,0.0,0.0,0.0,0.0,0.0,1.0,0.0,1.0,1.0
U0015716,1.0,0.0,0.0,0.0,0.0,0.0,1.0,0.0,1.0,1.0
Node5,1.0,0.0,0.0,0.0,0.0,0.0,1.0,0.0,1.0,1.0
Node3,1.0,0.0,0.0,0.0,0.0,0.0,1.0,0.0,1.0,1.0
