Branch,Mean omega,omega1,p1,omega2,p2,omega3,p3,LRT,p-value,Corrected p-value
WAG0463703,0.810659,0.0169069,0.884741,5.0e-09,0.00464711,8.52226,0.110612,1.40266,0.11814,0.590698
ITAG2_3,1.0,1.69982e-05,0.763433,0.322762,0.203552,4.31881,0.0330149,-0.00096885,0.5,1.0
U0015717,1.0,0.000414301,0.972394,0.922171,6.8073e-06,2.0e-07,0.0275996,0.0,1.0,1.0
U0015716,1.0,0.0,0.0,0.0,0.0,0.0,1.0,0.0,1.0,1.0
Node4,1.0,5.0e-09,1.0,0.921744,0.0,15.1159,0.0,0.0,1.0,1.0
