Branch,Mean omega,omega1,p1,omega2,p2,omega3,p3,LRT,p-value,Corrected p-value
U0015716,1.13462,1.0,0.957155,1.0,0.00319313,1133.98,0.0396514,155.344,0.0,0.0
U0015717,0.581536,5.0e-09,0.613598,1.0,0.20356,133.811,0.182842,187.854,0.0,0.0
Node3,2.0188,0.0,0.988343,5.0e-09,0.000587787,10000.0,0.0110696,37.1685,5.41763e-10,2.70882e-09
WAG0463703,0.493368,0.453081,0.966119,0.458513,0.0196099,3333.02,0.0142709,28.7563,4.1041e-08,1.64164e-07
ITAG2_3,10.0,3.81934e-05,0.981193,0.89895,8.92351e-06,10.8529,0.0187982,0.0,1.0,1.0
AF053995,1.71641e-06,0.0,0.0,0.0,0.0,0.0,1.0,0.0,1.0,1.0
Node5,1.2048e-06,0.0,0.0,0.0,0.0,0.0,1.0,0.0,1.0,1.0
