Branch,Mean omega,omega1,p1,omega2,p2,omega3,p3,LRT,p-value,Corrected p-value
U0015717,10.0,1.0,0.905799,1.0,0.000162197,2485.75,0.0940384,0.500072,0.239734,0.719203
ITAG2_3,1.0,5.0e-09,1.0,0.945876,0.0,17.3687,0.0,0.0,1.0,1.0
WAG0463703,0.10416,0.0,0.0,0.0,0.0,0.0,1.0,0.0,1.0,1.0
