Branch,Mean omega,omega1,p1,omega2,p2,omega3,p3,LRT,p-value,Corrected p-value
ITAG2_3,10.0,0.000398764,0.945461,0.924315,2.1748e-05,12.1048,0.0545169,-0.000456018,0.5,1.0
WAG0463703,0.323778,0.243401,0.8891,0.420216,0.00206601,0.975986,0.108834,0.0,1.0,1.0
U0015717,0.0,0.0,0.0,0.0,0.0,0.0,1.0,0.0,1.0,1.0
