Branch,Mean omega,omega1,p1,omega2,p2,omega3,p3,LRT,p-value,Corrected p-value
WAG0463703,0.93359,0.0,0.876393,0.999418,6.18036e-10,9.7403,0.123607,4.89908,0.0134355,0.0403066
ITAG2_3,0.0,0.00101803,0.998982,0.917439,0.000479938,11.6825,0.000538096,-0.000119986,0.5,1.0
XM_004248130,0.0,0.0,0.0,0.0,0.0,0.0,1.0,0.0,1.0,1.0
