Branch,Mean omega,omega1,p1,omega2,p2,omega3,p3,LRT,p-value,Corrected p-value
U0015717,1.03125,1.0,0.984197,1.0,0.00103795,10000.0,0.0147646,43.7092,1.90492e-11,9.52458e-11
ITAG2_3,10.0,0.0,0.995446,8.18034e-07,2.27693e-11,10000.0,0.00455386,0.052481,0.4094,1.0
NM_001247864,1.0,0.000413065,0.974101,0.924009,6.35417e-06,12.0124,0.0258922,-3.01697e-05,0.5,1.0
WAG0463703,0.146434,0.0,0.0,0.0,0.0,0.0,1.0,0.0,1.0,1.0
Node3,10.0,0.199737,1.0,0.000581847,0.0,17.5723,0.0,0.0,1.0,1.0
