Branch,Mean omega,omega1,p1,omega2,p2,omega3,p3,LRT,p-value,Corrected p-value
U0015716,0.602961,0.292782,0.931237,0.289859,0.0107523,10000.0,0.0580103,152.71,0.0,0.0
WAG0463703,0.0519011,0.026662,0.991787,0.0259508,0.00417045,3333.29,0.00404245,9.33804,0.00112223,0.00448892
NM_001247772,0.270201,0.0229617,0.962273,0.85409,0.0162984,11.3463,0.021429,0.00303186,0.478044,1.0
ITAG2_3,1.0,2.0e-07,0.996234,0.938756,2.28098e-06,14.3109,0.00376418,0.0,1.0,1.0
Node3,1.05182e-06,0.0,0.0,0.0,0.0,0.0,1.0,0.0,1.0,1.0
